einmal-aber-richtig	a single Bavarian beer stein Mass mug with a bold number 1 on it
mass-meister	a single Bavarian beer stein Mass mug wearing a small golden crown on its foam head
marathoner	a modern running sneaker with laces and a thick sole beside a Bavarian pretzel
zeltwanderer	a small striped Bavarian beer tent with a dotted walking path leading to it
stammgast	a small wooden table with a folded reserved card standing on it and a Bavarian beer stein Mass mug beside the card
fruehschoppen	a rising sun over a white Bavarian sausage and a pretzel
nachteule	an owl holding a Bavarian beer stein Mass mug under a crescent moon
radler-diplomat	one single tall beer glass split vertically down the middle, left half pale yellow lemonade, right half golden beer, a lemon slice on the rim
wochenend-krieger	a tear-off calendar page with two days circled in red, no text or numbers on the page, next to a Bavarian beer stein Mass mug
geniesser	a relaxed Bavarian beer stein Mass mug lounging in a deck chair
